captured_utc,endpoint,query,order,page,status,code,returned,num_results
2026-09-26T13:31:55Z,search_page,"""Opus 5.5"" filter:videos",top,4,degraded:visibility_unchecked_same_tab_found_hidden_later,,8,
2026-09-26T13:34:09Z,search_page,"""Opus 5.5"" filter:videos since:2026-09-25",live,8,degraded:visibility_unchecked_same_tab_found_hidden_later,,5,
2026-09-26T13:45:00Z,search_page,"""Opus 5.5"" filter:videos since:2026-09-25",top,10,ok,,13,
2026-09-26T13:37:51Z,search_page,"""Opus 5.5"" filter:videos since:2026-09-25",top,10,degraded:tab_hidden_timers_throttled,,4,
2026-09-26T13:47:04Z,search_page,"""Opus 5.5"" filter:videos since:2026-09-26",top,10,ok,,16,
2026-09-26T13:59:45Z,search_page,"""Opus 5.5"" 视频 filter:videos",top,10,ok,,19,
2026-09-26T13:49:38Z,search_page,"""Opus 5.5"" 视频 filter:videos",top,10,degraded:builtin_pane_hidden,,4,
2026-09-26T14:03:09Z,search_page,"""Opus 5.5"" 动画 filter:videos since:2026-09-25",top,10,ok,,20,
2026-09-26T14:05:57Z,search_page,"""GPT-6 Sol"" filter:videos",top,10,ok,,20,
2026-09-26T14:08:40Z,search_page,"""GPT-6"" animation filter:videos",top,10,ok,,19,
2026-09-26T14:11:19Z,search_page,"""GPT-6 Astra"" filter:videos",top,10,ok,,19,
2026-09-26T14:13:59Z,search_page,"""GPT-6 Luna"" filter:videos",top,10,ok,,18,
2026-09-26T14:16:39Z,search_page,"""GPT-6"" 动画 filter:videos",top,10,ok,,20,
2026-09-26T14:19:26Z,search_page,"""Opus 5.5"" ""GPT-6"" filter:videos",top,10,ok,,20,
